day,rolling avg
06/01/2017,145.7814574
07/01/2017,164.687013
08/01/2017,136.1851611
09/01/2017,148.8133357
10/01/2017,123.2850529
11/01/2017,419.3168985
12/01/2017,358.2211313
13/01/2017,362.70129
14/01/2017,365.0584328
15/01/2017,375.683036
16/01/2017,374.5858138
17/01/2017,181.1873016
18/01/2017,170.5984127
19/01/2017,149.0460317
20/01/2017,152.8083333
21/01/2017,122.3055556
22/01/2017,929.35
23/01/2017,822.4555556
24/01/2017,832.3722222
25/01/2017,889.6073871
26/01/2017,895.5018315
27/01/2017,1320.193498
28/01/2017,515.0101648
29/01/2017,520.4562118
30/01/2017,526.8704976
31/01/2017,474.2156899
01/02/2017,460.7950549
02/02/2017,69.08807549
03/02/2017,80.97994057
04/02/2017,519.9628618
05/02/2017,510.787465
06/02/2017,662.2434326
07/02/2017,794.3418453
08/02/2017,774.4677101
09/02/2017,791.6694958
10/02/2017,350.8377498
11/02/2017,343.9306069
12/02/2017,199.6303932
13/02/2017,67.85539322
14/02/2017,99.73373016
15/02/2017,417.7555556
16/02/2017,926.8722222
17/02/2017,1553.029365
18/02/2017,1542.422421
19/02/2017,1544.163161
20/02/2017,1504.347349
21/02/2017,1169.393778
22/02/2017,658.1160002
23/02/2017,29.55488909
24/02/2017,52.57876475
25/02/2017,85.87481296
26/02/2017,92.19062492
27/02/2017,78.24856143
28/02/2017,76.85411698
01/03/2017,77.25689476
02/03/2017,51.34459317
03/03/2017,448.0071785
04/03/2017,498.7313318
05/03/2017,514.1354985
06/03/2017,514.5591859
07/03/2017,533.4774399
08/03/2017,536.8738023
09/03/2017,109.8228407
10/03/2017,45.94313187
11/03/2017,30.35801282
12/03/2017,29.60099206
13/03/2017,11.90793651
14/03/2017,8.566666667
15/03/2017,19.3031746
16/03/2017,24.60456349
17/03/2017,26.92678571
18/03/2017,27.6656746
19/03/2017,25.95436508
20/03/2017,29.03174603
21/03/2017,14.32857143
22/03/2017,9.016071429
23/03/2017,8.811706349
24/03/2017,10.51779101
25/03/2017,11.88247354
26/03/2017,10.69973545
27/03/2017,9.462433862
28/03/2017,34.55277778
29/03/2017,32.85436508
30/03/2017,74.9290885
31/03/2017,97.99959115
01/04/2017,97.92022607
02/04/2017,105.9243927
03/04/2017,253.4479377
04/04/2017,253.2784933
05/04/2017,208.8421296
06/04/2017,184.5736111
07/04/2017,182.2958333
08/04/2017,178.5800265
09/04/2017,6.355026455
10/04/2017,7.146693122
11/04/2017,10.34391534
12/04/2017,11.27248677
13/04/2017,34.50026455
14/04/2017,30.02301587
15/04/2017,29.41190476
16/04/2017,205.2183862
17/04/2017,215.6539021
18/04/2017,217.2009259
19/04/2017,227.3009259
20/04/2017,229.1287037
21/04/2017,243.7270803
22/04/2017,102.1299242
23/04/2017,102.543272
24/04/2017,103.3787879
25/04/2017,115.2501554
26/04/2017,132.4479067
27/04/2017,322.5109058
28/04/2017,288.1763158
29/04/2017,277.8709707
30/04/2017,279.9847934
01/05/2017,235.1189815
02/05/2017,251.2844246
03/05/2017,50.55320767
04/05/2017,54.3235119
05/05/2017,58.52663841
06/05/2017,53.49753788
07/05/2017,61.78325216
08/05/2017,85.36377465
09/05/2017,81.7113937
10/05/2017,85.70570587
11/05/2017,86.96994048
12/05/2017,443.9240049
13/05/2017,436.721624
14/05/2017,378.0596531
15/05/2017,377.9763197
16/05/2017,395.6010399
17/05/2017,386.5238905
18/05/2017,39.41946479
19/05/2017,39.59803622
20/05/2017,39.79248067
21/05/2017,40.01470289
22/05/2017,13.58674196
23/05/2017,14.80995625
24/05/2017,4.971891534
25/05/2017,3.991732804
26/05/2017,4.793320106
27/05/2017,7.53042328
28/05/2017,16.11460438
29/05/2017,23.08087422
30/05/2017,101.8204906
31/05/2017,146.6296119
01/06/2017,169.221531
02/06/2017,166.4209358
03/06/2017,160.458544
04/06/2017,209.9701588
05/06/2017,441.3223413
06/06/2017,419.0602439
07/06/2017,401.1358211
08/06/2017,400.7826465
09/06/2017,415.7757382
10/06/2017,360.9159091
11/06/2017,61.30063131
12/06/2017,41.19408369
13/06/2017,65.0537037
14/06/2017,66.4042328
15/06/2017,94.51395503
16/06/2017,310.2570591
17/06/2017,299.9921782
18/06/2017,305.2620195
19/06/2017,283.6476015
20/06/2017,288.5560009
21/06/2017,245.9038184
22/06/2017,57.0276455
23/06/2017,59.00085979
24/06/2017,214.1771164
25/06/2017,212.9925926
26/06/2017,235.8738095
27/06/2017,241.5599868
28/06/2017,217.9099868
29/06/2017,220.7469577
30/06/2017,289.7599808
01/07/2017,309.3519481
02/07/2017,309.0177285
03/07/2017,305.3418927
04/07/2017,375.2266029
05/07/2017,373.3652273
06/07/2017,144.4143494
07/07/2017,160.0400409
08/07/2017,133.1329245
09/07/2017,415.6250005
10/07/2017,344.1714231
11/07/2017,344.4528957
12/07/2017,383.4329643
13/07/2017,342.0784008
14/07/2017,344.9666944
15/07/2017,67.12036158
16/07/2017,76.22924205
17/07/2017,89.85907888
18/07/2017,54.75662578
19/07/2017,58.65239298
20/07/2017,54.67878187
21/07/2017,46.00583213
22/07/2017,44.96352814
23/07/2017,37.41613803
24/07/2017,35.55753413
25/07/2017,373.3081324
26/07/2017,447.3342507
27/07/2017,449.9575973
28/07/2017,456.8591839
29/07/2017,654.704409
30/07/2017,649.4787416
31/07/2017,330.6203798
01/08/2017,258.174288
02/08/2017,255.6676081
03/08/2017,239.1944824
04/08/2017,33.16663892
05/08/2017,36.60454592
06/08/2017,13.47527241
07/08/2017,19.5860348
08/08/2017,19.63696072
09/08/2017,37.67356024
10/08/2017,40.42945249
11/08/2017,41.78182327
12/08/2017,49.83397251
13/08/2017,41.3296916
14/08/2017,45.40894245
15/08/2017,52.88785983
16/08/2017,55.19936915
17/08/2017,79.5355975
18/08/2017,74.64519069
19/08/2017,469.073221
20/08/2017,464.7657715
21/08/2017,437.009931
22/08/2017,431.2100379
23/08/2017,404.4104317
24/08/2017,404.5433118
25/08/2017,14.07483535
26/08/2017,15.90463634
27/08/2017,25.65989127
28/08/2017,24.30989127
29/08/2017,23.28409762
30/08/2017,31.41758959
31/08/2017,27.98812831
01/09/2017,53.12993765
02/09/2017,43.5700531
03/09/2017,68.36517094
04/09/2017,66.87358845
05/09/2017,148.1982517
06/09/2017,153.902781
07/09/2017,129.6408508
08/09/2017,133.4326437
09/09/2017,133.2684783
10/09/2017,133.4559783
11/09/2017,40.79050209
12/09/2017,35.52611833
13/09/2017,34.67009981
14/09/2017,118.5792088
15/09/2017,130.8085678
16/09/2017,132.1143338
17/09/2017,133.9737915
18/09/2017,134.5452201
19/09/2017,133.5067941
20/09/2017,52.30496633
21/09/2017,17.87752525
22/09/2017,73.10240889
23/09/2017,237.569668
24/09/2017,243.947339
25/09/2017,248.026211
26/09/2017,247.9102298
27/09/2017,255.9697836
28/09/2017,201.3752451
29/09/2017,39.3282301
30/09/2017,49.09954906
01/10/2017,242.8174784
02/10/2017,236.0038961
03/10/2017,229.2718885
04/10/2017,229.3618717
05/10/2017,234.7073262
06/10/2017,217.7666697
07/10/2017,24.64044913
08/10/2017,28.66921296
09/10/2017,27.20462963
10/10/2017,31.97463092
11/10/2017,29.90374348
12/10/2017,35.15076729
13/10/2017,39.1740417
14/10/2017,41.58860399
15/10/2017,40.00573362
16/10/2017,36.86797138
17/10/2017,31.88566017
18/10/2017,99.24044613
19/10/2017,112.9712935
20/10/2017,110.5366254
21/10/2017,169.5657259
22/10/2017,168.3550117
23/10/2017,253.9512723
24/10/2017,186.5832589
25/10/2017,165.9407653
26/10/2017,194.5268042
27/10/2017,191.014289
28/10/2017,244.7249598
29/10/2017,181.555088
30/10/2017,183.7433696
31/10/2017,186.5474401
01/11/2017,247.4642816
02/11/2017,201.1717523
03/11/2017,211.0035233
04/11/2017,187.4859969
05/11/2017,200.1075697
06/11/2017,200.2296236
07/11/2017,108.5735746
08/11/2017,217.5250837
09/11/2017,153.2625361
10/11/2017,154.1944144
11/11/2017,135.1358826
12/11/2017,140.2932992
13/11/2017,138.5929024
14/11/2017,22.47037953
15/11/2017,353.1087574
16/11/2017,354.8342865
17/11/2017,379.7833605
18/11/2017,382.9267956
19/11/2017,446.8915142
20/11/2017,507.4781605
21/11/2017,175.1777456
22/11/2017,177.9196768
23/11/2017,185.8811126
24/11/2017,191.6772848
25/11/2017,129.9554714
26/11/2017,68.62638889
27/11/2017,84.23564815
28/11/2017,80.67136243
29/11/2017,60.78744265
30/11/2017,66.89637122
01/12/2017,726.6200665
02/12/2017,919.6025581
03/12/2017,950.3930583
04/12/2017,960.2431245
05/12/2017,946.9466931
06/12/2017,921.4412698
07/12/2017,260.7812169
08/12/2017,71.99063252
09/12/2017,32.50711881
10/12/2017,21.1659151
11/12/2017,74.9784151
12/12/2017,81.7587001
13/12/2017,89.9886248
14/12/2017,86.75370417
15/12/2017,80.42879435
16/12/2017,78.96781552
17/12/2017,24.16622822
18/12/2017,23.00137131
19/12/2017,15.78004449
20/12/2017,15.83156566
21/12/2017,17.97237253
22/12/2017,24.88619529
23/12/2017,62.76050385
24/12/2017,59.34613396
25/12/2017,91.72275734
26/12/2017,106.3406806
27/12/2017,104.1541727
28/12/2017,99.98803511
29/12/2017,77.4274982
30/12/2017,116.9613606
31/12/2017,123.2107293
01/01/2018,113.8903233
02/01/2018,263.1116858
03/01/2018,271.1561048
04/01/2018,279.59273
05/01/2018,273.7329536
06/01/2018,352.9998187
07/01/2018,406.0868913
08/01/2018,264.1819972
09/01/2018,253.6808983
10/01/2018,242.1279221
11/01/2018,212.5904762
12/01/2018,136.5884259
13/01/2018,90.17377946
14/01/2018,283.7762085
15/01/2018,284.3600709
16/01/2018,275.8940356
17/01/2018,269.294697
18/01/2018,239.8179774
19/01/2018,232.0561087
20/01/2018,45.4723746
21/01/2018,46.67714021
22/01/2018,44.5180493
23/01/2018,46.78449582
24/01/2018,42.71906958
25/01/2018,36.47740291
26/01/2018,27.56711344
27/01/2018,26.28389666
28/01/2018,27.83153976
29/01/2018,24.56324139
30/01/2018,13.02112795
31/01/2018,12.33930976
01/02/2018,7.338047138
02/02/2018,19.9114899
03/02/2018,22.2614899
04/02/2018,23.65963805
05/02/2018,40.26220215
06/02/2018,44.63766511
07/02/2018,47.27680653
08/02/2018,35.56093952
09/02/2018,36.01580873
10/02/2018,117.0321905
11/02/2018,103.309256
12/02/2018,104.0775641
13/02/2018,100.8571096
14/02/2018,100.1927998
15/02/2018,244.8765249
16/02/2018,165.4809641
17/02/2018,198.393939
18/02/2018,244.2946818
19/02/2018,249.4017885
20/02/2018,257.1329981
21/02/2018,137.0983155
22/02/2018,208.6595717
23/02/2018,176.395755
24/02/2018,133.9123523
25/02/2018,128.6976698
26/02/2018,118.9701639
27/02/2018,112.5929989
28/02/2018,152.851138
01/03/2018,151.7876279
02/03/2018,179.3464242
03/03/2018,219.8856109
04/03/2018,220.2522776
05/03/2018,208.6611241
06/03/2018,113.3871536
07/03/2018,149.957566
08/03/2018,114.8728438
09/03/2018,76.25975136
10/03/2018,81.51985237
11/03/2018,227.9664983
12/03/2018,211.3202862
13/03/2018,185.458165
14/03/2018,187.2108105
15/03/2018,186.7755892
16/03/2018,182.640885
17/03/2018,26.78486652
18/03/2018,36.93133117
19/03/2018,53.38276215
20/03/2018,71.13011664
21/03/2018,75.07022607
22/03/2018,190.9929804
23/03/2018,349.1593645
24/03/2018,339.3799032
25/03/2018,329.9133027
26/03/2018,312.2906175
27/03/2018,307.0048731
28/03/2018,195.5316878
29/03/2018,40.32489964
30/03/2018,37.19527001
31/03/2018,44.05181161
01/04/2018,47.44995976
02/04/2018,82.48440865
03/04/2018,137.6410747
04/04/2018,239.6337995
05/04/2018,271.3699106
06/04/2018,257.5020595
07/04/2018,267.3598637
08/04/2018,237.9759796
09/04/2018,180.2110144
10/04/2018,111.0721857
11/04/2018,129.3093129
12/04/2018,151.6479059
13/04/2018,145.3177319
14/04/2018,142.1102889
15/04/2018,149.8677805
16/04/2018,111.5277733
17/04/2018,67.72120161
18/04/2018,46.14682817
19/04/2018,40.92772968
20/04/2018,80.32680375
21/04/2018,152.6987795
22/04/2018,172.6524832
23/04/2018,169.0622054
24/04/2018,159.006716
25/04/2018,161.6512266
26/04/2018,125.2614117
27/04/2018,51.43353175
28/04/2018,34.41435185
29/04/2018,32.78240741
30/04/2018,61.43287037
01/05/2018,136.2132937
02/05/2018,210.1525794
03/05/2018,236.1134921
04/05/2018,270.8615079
05/05/2018,270.9984127
06/05/2018,238.4921296
07/05/2018,260.0708333
08/05/2018,182.1779762
09/05/2018,152.8525854
10/05/2018,212.8172018
11/05/2018,251.3383658
12/05/2018,253.6502044
13/05/2018,155.2297018
14/05/2018,235.2453764
15/05/2018,233.242791
16/05/2018,138.7474206
17/05/2018,144.394246
18/05/2018,165.9625
19/05/2018,163.1994709
20/05/2018,116.2145503
21/05/2018,117.5167989
22/05/2018,114.0525132
23/05/2018,85.72453704
24/05/2018,66.5406746
25/05/2018,70.75198413
26/05/2018,49.17233646
27/05/2018,50.56843434
28/05/2018,54.91268038
29/05/2018,116.8098674
30/05/2018,155.564988
31/05/2018,442.1095273
01/06/2018,433.0458548
02/06/2018,437.8121247
03/06/2018,452.2178786
04/06/2018,450.3019085
05/06/2018,471.3140017
06/06/2018,192.7973674
07/06/2018,224.5453833
08/06/2018,215.8426717
09/06/2018,247.4695656
10/06/2018,170.1780974
11/06/2018,111.3340978
12/06/2018,123.3089707
13/06/2018,395.9271916
14/06/2018,467.7453133
15/06/2018,424.5593585
16/06/2018,430.0801918
17/06/2018,433.3824104
18/06/2018,418.9513258
19/06/2018,118.3163841
20/06/2018,49.71985329
21/06/2018,51.53651996
22/06/2018,95.30298822
23/06/2018,92.62517436
24/06/2018,86.22643398
25/06/2018,157.2026245
26/06/2018,262.4035865
27/06/2018,291.8086078
28/06/2018,294.8796726
29/06/2018,289.8881383
30/06/2018,331.4132014
01/07/2018,256.4047899
02/07/2018,146.2858084
03/07/2018,179.6751593
04/07/2018,143.3698232
05/07/2018,146.9111742
06/07/2018,152.1327591
07/07/2018,193.3931127
08/07/2018,196.4363576
09/07/2018,128.255297
10/07/2018,129.0180916
11/07/2018,131.4120326
12/07/2018,81.29861273
13/07/2018,36.43362956
14/07/2018,88.13718596
15/07/2018,87.80785095
16/07/2018,81.90404688
17/07/2018,106.2670714
18/07/2018,133.8895341
19/07/2018,147.5240459
20/07/2018,96.77678155
21/07/2018,159.4561587
22/07/2018,194.8619949
23/07/2018,180.9024747
24/07/2018,179.0031553
25/07/2018,175.5800853
26/07/2018,176.3180002
27/07/2018,120.4486279
28/07/2018,75.66648501
29/07/2018,75.13192151
30/07/2018,62.91807359
31/07/2018,96.97243867
01/08/2018,110.907672
02/08/2018,142.2846561
03/08/2018,143.9900132
04/08/2018,384.8031085
05/08/2018,459.920989
06/08/2018,489.7502218
07/08/2018,475.3500233
08/08/2018,439.623436
09/08/2018,442.4045868
10/08/2018,249.3471133
11/08/2018,164.9760582
12/08/2018,155.0384259
13/08/2018,209.808652
14/08/2018,242.355279
15/08/2018,243.4329245
16/08/2018,259.4686388
17/08/2018,266.2403319
18/08/2018,289.6881494
19/08/2018,238.3329365
20/08/2018,291.21443
21/08/2018,301.3152898
22/08/2018,438.2899734
23/08/2018,452.2794784
24/08/2018,408.0232073
25/08/2018,416.8190226
26/08/2018,351.2907699
27/08/2018,365.489844
28/08/2018,158.0855307
29/08/2018,311.2025734
30/08/2018,341.6494529
31/08/2018,369.1815596
01/09/2018,355.1508057
02/09/2018,345.9969877
03/09/2018,618.681284
04/09/2018,444.3945115
05/09/2018,519.5225233
06/09/2018,497.2167874
07/09/2018,499.5919197
08/09/2018,485.8838328
09/09/2018,211.4962297
10/09/2018,316.9935842
11/09/2018,182.8346861
12/09/2018,215.975
13/09/2018,223.4690476
14/09/2018,224.2835317
15/09/2018,361.3598545
16/09/2018,267.5787698
17/09/2018,302.7863095
18/09/2018,304.3304293
19/09/2018,291.9904161
20/09/2018,290.97117
21/09/2018,166.2655904
22/09/2018,150.3743206
23/09/2018,102.0481301
24/09/2018,48.4095659
25/09/2018,50.91505532
26/09/2018,50.0409151
27/09/2018,30.38115079
28/09/2018,27.93511905
29/09/2018,27.6781746
30/09/2018,125.5324074
01/10/2018,115.5002646
02/10/2018,113.0412698
03/10/2018,119.1612434
04/10/2018,125.5481481
05/10/2018,206.3121633
06/10/2018,108.4539622
07/10/2018,120.0175986
08/10/2018,119.9679954
09/10/2018,118.2816198
10/10/2018,116.2201118
11/10/2018,36.0142316
12/10/2018,37.22911255
13/10/2018,28.52202381
14/10/2018,28.98670635
15/10/2018,27.90654762
16/10/2018,50.24702381
17/10/2018,64.50363757
18/10/2018,67.33842593
19/10/2018,70.78624339
20/10/2018,72.72037037
21/10/2018,80.26560847
22/10/2018,66.21203704
23/10/2018,91.94708995
24/10/2018,140.3717593
25/10/2018,171.332672
26/10/2018,178.3169793
27/10/2018,173.4318603
28/10/2018,166.1991883
29/10/2018,149.9516114
30/10/2018,137.3179473
31/10/2018,175.2587542
01/11/2018,184.7627405
02/11/2018,206.4336365
03/11/2018,216.7445441
04/11/2018,200.3024385
05/11/2018,170.1298856
06/11/2018,97.94701524
07/11/2018,110.0822245
08/11/2018,82.09486023
09/11/2018,88.83291847
10/11/2018,146.7220058
11/11/2018,136.1689634
12/11/2018,190.3708634
13/11/2018,230.8369769
14/11/2018,231.8597944
15/11/2018,218.9606361
16/11/2018,153.2469456
17/11/2018,184.9876864
18/11/2018,130.1056277
19/11/2018,57.33082612
20/11/2018,56.11832612
21/11/2018,180.8121693
22/11/2018,188.5252646
23/11/2018,159.7095238
24/11/2018,156.4849206
25/11/2018,166.3240079
26/11/2018,185.0059524
27/11/2018,59.79457672
28/11/2018,58.61964286
29/11/2018,62.6625
30/11/2018,74.04973545
01/12/2018,103.7132937
02/12/2018,85.16468254
03/12/2018,230.9191364
04/12/2018,241.1823639
05/12/2018,237.9971787
06/12/2018,229.7331576
07/12/2018,603.085859
08/12/2018,641.9875786
09/12/2018,494.3656644
10/12/2018,488.8218152
11/12/2018,494.3595798
12/12/2018,562.8220798
13/12/2018,160.6045635
14/12/2018,125.8346621
15/12/2018,127.7422018
16/12/2018,512.4651719
17/12/2018,511.5759523
18/12/2018,485.9055819
19/12/2018,513.5642099
20/12/2018,536.1091113
21/12/2018,724.2332184
22/12/2018,349.9612404
23/12/2018,358.6819414
24/12/2018,527.7186899
25/12/2018,490.7998767
26/12/2018,464.3898238
27/12/2018,289.6756373
28/12/2018,273.5448834
29/12/2018,317.4122114
30/12/2018,112.5728175
31/12/2018,184.9790344
01/01/2019,243.3322853
02/01/2019,224.9854599
03/01/2019,289.2619871
04/01/2019,237.1721061
05/01/2019,272.5552411
06/01/2019,206.4828204
07/01/2019,208.3121092
08/01/2019,212.8907528
09/01/2019,154.8193843
10/01/2019,151.3058923
11/01/2019,203.097595
12/01/2019,292.9272908
13/01/2019,305.793254
14/01/2019,432.3721501
15/01/2019,508.4888829
16/01/2019,502.9444384
17/01/2019,408.6648389
18/01/2019,366.177405
19/01/2019,394.6076058
20/01/2019,272.4281085
21/01/2019,193.0306217
22/01/2019,200.6865741
23/01/2019,204.3955026
24/01/2019,164.6185185
25/01/2019,67.53862434
26/01/2019,68.93444195
27/01/2019,68.78940226
28/01/2019,194.4086122
29/01/2019,194.4975011
30/01/2019,214.6821392
31/01/2019,273.8115042
01/02/2019,273.0319084
02/02/2019,263.9906385
03/02/2019,133.5429894
04/02/2019,126.1856481
05/02/2019,91.39261063
06/02/2019,28.15332492
07/02/2019,22.50665954
08/02/2019,75.73146113
09/02/2019,91.25669261
10/02/2019,131.028518
11/02/2019,166.3223672
12/02/2019,170.6710445
13/02/2019,166.3188161
14/02/2019,119.568287
15/02/2019,150.2066138
16/02/2019,110.4776455
17/02/2019,170.3166667
18/02/2019,174.9142196
19/02/2019,188.2579365
20/02/2019,204.3187831
21/02/2019,217.132672
22/02/2019,222.3755291
23/02/2019,126.6335317
24/02/2019,144.3623016
25/02/2019,186.6041005
26/02/2019,166.5472884
27/02/2019,113.2851852
28/02/2019,107.642328
01/03/2019,120.5429233
02/03/2019,96.41712963
03/03/2019,43.9989418
04/03/2019,52.63650794
05/03/2019,76.53082011
06/03/2019,95.24431217
07/03/2019,182.8649471
08/03/2019,200.8109127
09/03/2019,199.6454365
10/03/2019,192.7023148
11/03/2019,237.9585979
12/03/2019,261.5714947
13/03/2019,200.353842
14/03/2019,191.8320827
15/03/2019,227.3850589
16/03/2019,251.0175884
17/03/2019,191.1025151
18/03/2019,174.5777436
19/03/2019,206.1912296
20/03/2019,247.6117475
21/03/2019,226.8615205
22/03/2019,204.3304104
23/03/2019,183.4806028
24/03/2019,166.3718426
25/03/2019,95.27620764
26/03/2019,47.17260892
27/03/2019,31.56589152
28/03/2019,38.99514976
29/03/2019,45.90546722
30/03/2019,39.76003071
31/03/2019,40.27014976
01/04/2019,56.6251221
02/04/2019,74.11625967
03/04/2019,108.819709
04/04/2019,152.2666511
05/04/2019,196.9024315
06/04/2019,200.2403284
07/04/2019,180.1989924
08/04/2019,172.3345744
09/04/2019,167.7565982
10/04/2019,122.5316138
11/04/2019,80.74589947
12/04/2019,81.11848799
13/04/2019,107.0913415
14/04/2019,98.09438386
15/04/2019,109.5246087
16/04/2019,111.7651511
17/04/2019,219.3121087
18/04/2019,282.1845599
19/04/2019,348.8565476
20/04/2019,348.9771825
21/04/2019,348.881247
22/04/2019,350.3377946
23/04/2019,310.5526335
24/04/2019,254.0210859
25/04/2019,166.2564755
26/04/2019,178.0722823
27/04/2019,128.8217639
28/04/2019,164.286711
29/04/2019,147.2683007
30/04/2019,145.0690763
01/05/2019,180.2124565
02/05/2019,171.0940703
03/05/2019,183.8934103
04/05/2019,150.8292569
05/05/2019,150.6720479
06/05/2019,148.9357564
07/05/2019,107.0430976
08/05/2019,158.360558
09/05/2019,142.5479497
10/05/2019,194.1838624
11/05/2019,271.0321429
12/05/2019,311.9866402
13/05/2019,366.9917989
14/05/2019,317.9441138
15/05/2019,318.3780423
16/05/2019,297.9028439
17/05/2019,219.2554233
18/05/2019,170.5695767
19/05/2019,134.3056878
20/05/2019,183.0279762
21/05/2019,185.5565476
22/05/2019,210.2849868
23/05/2019,263.816336
24/05/2019,281.6483466
25/05/2019,354.1117725
26/05/2019,302.6445106
27/05/2019,305.0365741
28/05/2019,302.029594
29/05/2019,213.6242369
30/05/2019,330.9019485
31/05/2019,266.1397131
01/06/2019,262.6039988
02/06/2019,374.2551893
03/06/2019,368.5271164
04/06/2019,349.8088624
05/06/2019,225.4460317
06/06/2019,203.2824315
07/06/2019,263.6943362
08/06/2019,149.9539923
09/06/2019,164.3432119
10/06/2019,194.0320346
11/06/2019,229.2863336
12/06/2019,229.8060847
13/06/2019,273.734127
14/06/2019,271.1316138
15/06/2019,246.2392857
16/06/2019,232.2822571
17/06/2019,199.7911857
18/06/2019,202.9849687
19/06/2019,104.4253127
20/06/2019,105.2788961
21/06/2019,68.51535113
22/06/2019,129.4231073
23/06/2019,115.6820358
24/06/2019,111.7527369
25/06/2019,105.160938
26/06/2019,157.3144974
27/06/2019,155.2358285
28/06/2019,290.2474687
29/06/2019,293.2236592
30/06/2019,291.5279582
01/07/2019,297.9111592
02/07/2019,248.7072571
03/07/2019,276.9587482
04/07/2019,71.14717412
05/07/2019,71.25886243
06/07/2019,103.0165164
07/07/2019,103.2595178
08/07/2019,130.9641474
09/07/2019,104.2376323
10/07/2019,108.9101732
11/07/2019,130.1031866
12/07/2019,167.5402549
13/07/2019,182.4322583
14/07/2019,159.4681049
15/07/2019,227.8506806
16/07/2019,272.5353608
17/07/2019,256.7119841
18/07/2019,189.8110329
19/07/2019,197.0993747
20/07/2019,191.1136845
21/07/2019,118.6242665
22/07/2019,150.6849567
23/07/2019,152.0482083
24/07/2019,181.4112554
25/07/2019,166.1065236
26/07/2019,204.4499047
27/07/2019,250.2931118
28/07/2019,183.6989439
29/07/2019,184.1488778
30/07/2019,164.1201741
31/07/2019,155.9582393
01/08/2019,133.1204076
02/08/2019,129.2983706
03/08/2019,142.9173701
04/08/2019,136.7652718
05/08/2019,194.0840849
06/08/2019,225.1299784
07/08/2019,253.2483586
08/08/2019,294.6760943
09/08/2019,270.2723064
10/08/2019,288.0722643
11/08/2019,264.8508658
12/08/2019,227.2438612
13/08/2019,192.1266382
14/08/2019,112.5410983
15/08/2019,247.2408624
16/08/2019,231.2809658
17/08/2019,194.0053104
18/08/2019,216.4352347
19/08/2019,289.4041352
20/08/2019,312.7165661
21/08/2019,187.1969547
22/08/2019,185.6917298
23/08/2019,201.3156957
24/08/2019,186.3513799
25/08/2019,169.6059734
26/08/2019,196.5437105
27/08/2019,203.1394175
28/08/2019,239.7307295
29/08/2019,252.4478952
30/08/2019,255.1175741
31/08/2019,197.9402961
01/09/2019,190.1480647
02/09/2019,186.0311335
03/09/2019,200.2359856
04/09/2019,171.3718321
05/09/2019,171.9211888
06/09/2019,277.0629509
07/09/2019,293.298581
08/09/2019,274.1544673
09/09/2019,353.3626684
10/09/2019,347.826419
11/09/2019,346.6537518
12/09/2019,235.8208634
13/09/2019,178.6095719
14/09/2019,251.3103716
15/09/2019,125.6322418
16/09/2019,136.5329754
17/09/2019,129.2468582
18/09/2019,149.0069292
19/09/2019,143.7685694
20/09/2019,78.56433058
21/09/2019,78.69953704
22/09/2019,69.63928571
23/09/2019,74.57255291
24/09/2019,60.00393819
25/09/2019,94.35658369
26/09/2019,98.6614899
27/09/2019,147.8747174
28/09/2019,153.3898222
29/09/2019,163.4957746
30/09/2019,307.1124184
01/10/2019,358.2722128
02/10/2019,369.3180161
03/10/2019,328.8338891
04/10/2019,393.7580445
05/10/2019,402.6984065
06/10/2019,293.4651441
07/10/2019,291.0110376
08/10/2019,365.9677054
09/10/2019,386.9509726
10/10/2019,345.367797
11/10/2019,327.4578583
12/10/2019,300.4226551
13/10/2019,238.0632155
14/10/2019,178.7456072
15/10/2019,172.2790728
16/10/2019,351.4457815
17/10/2019,360.350808
18/10/2019,363.2978318
19/10/2019,353.4058164
20/10/2019,387.0823172
21/10/2019,364.8944865
22/10/2019,163.280754
23/10/2019,206.9193783
24/10/2019,200.2119709
25/10/2019,209.198545
26/10/2019,165.6270503
27/10/2019,158.3105519
28/10/2019,156.1823773
29/10/2019,112.3745731
30/10/2019,119.6963865
31/10/2019,201.5696669
01/11/2019,200.2601431
02/11/2019,202.1013769
03/11/2019,206.1501864
04/11/2019,264.228361
05/11/2019,253.7967593
06/11/2019,159.8392857
07/11/2019,303.1343254
08/11/2019,300.9376323
09/11/2019,295.483664
10/11/2019,232.6044974
11/11/2019,316.0808862
12/11/2019,309.8128968
13/11/2019,156.1056217
14/11/2019,164.3414021
15/11/2019,177.9099868
16/11/2019,171.2411376
17/11/2019,133.9905784
18/11/2019,136.9641234
19/11/2019,122.0374699
20/11/2019,128.5303451
21/11/2019,128.8546837
22/11/2019,128.6108165
23/11/2019,78.91177249
24/11/2019,83.28240741
25/11/2019,83.05191799
26/11/2019,77.14158249
27/11/2019,60.45031265
28/11/2019,53.34100529
29/11/2019,45.34596561
30/11/2019,34.80568783
01/12/2019,33.95582011
02/12/2019,45.27588985
03/12/2019,41.59804594
04/12/2019,46.18435546
05/12/2019,56.34950096
06/12/2019,63.86968494
07/12/2019,77.40143098
08/12/2019,69.18193242
09/12/2019,72.82796417
10/12/2019,82.38074194
11/12/2019,80.53014671
12/12/2019,167.6085738
13/12/2019,163.5936929
14/12/2019,285.9637506
15/12/2019,347.9957612
16/12/2019,346.3916607
17/12/2019,389.2261183
18/12/2019,312.049531
19/12/2019,314.8427189
20/12/2019,204.4218915
21/12/2019,146.2508598
22/12/2019,140.3885582
23/12/2019,93.63756614
24/12/2019,82.35853175
25/12/2019,70.81501323
26/12/2019,67.26078042
27/12/2019,65.92738095
28/12/2019,76.4022607
29/12/2019,72.37487975
30/12/2019,64.17474747
31/12/2019,82.58579245
01/01/2020,58.89062049
02/01/2020,55.40391414
03/01/2020,50.21615313
04/01/2020,64.47111345
05/01/2020,73.93354731
06/01/2020,65.46760815
07/01/2020,67.871378
08/01/2020,63.23407641
09/01/2020,71.20701058
10/01/2020,63.37559524
11/01/2020,67.18597884
12/01/2020,510.2224461
13/01/2020,524.9170889
14/01/2020,528.214708
15/01/2020,511.8266127
16/01/2020,511.5711233
17/01/2020,522.8227828
18/01/2020,110.4090007
19/01/2020,98.5748076
20/01/2020,101.232215
21/01/2020,103.0079425
22/01/2020,103.2988155
23/01/2020,188.8625661
24/01/2020,421.5121693
25/01/2020,425.0596561
26/01/2020,446.6603836
27/01/2020,557.7560847
28/01/2020,561.8788228
29/01/2020,553.1104365
30/01/2020,281.929881
31/01/2020,283.645291
01/02/2020,258.1460847
02/02/2020,152.7250529
03/02/2020,170.3021164
04/02/2020,73.49861111
05/02/2020,73.54074074
06/02/2020,69.93293651
07/02/2020,77.79186508
08/02/2020,170.1642857
09/02/2020,156.6320767
10/02/2020,159.2756614
11/02/2020,216.8873677
12/02/2020,272.5743086
13/02/2020,275.6502345
14/02/2020,218.8125157
15/02/2020,207.8548438
16/02/2020,201.6300422
17/02/2020,143.3295792
18/02/2020,109.8894638
19/02/2020,102.6891331
20/02/2020,95.05224868
21/02/2020,97.73974868
22/02/2020,106.4087047
23/02/2020,184.7076465
24/02/2020,349.4612179
25/02/2020,348.0380037
26/02/2020,365.2639957
27/02/2020,358.6259005
28/02/2020,431.2664683
29/02/2020,351.6966931
01/03/2020,171.1571429
02/03/2020,186.652381
03/03/2020,145.9478175
04/03/2020,256.3789683
05/03/2020,545.2746332
06/03/2020,550.7974507
07/03/2020,538.1369348
08/03/2020,523.4192761
09/03/2020,816.9534031
10/03/2020,810.130784
11/03/2020,460.441342
12/03/2020,457.7834055
13/03/2020,545.8274531
14/03/2020,559.3621753
15/03/2020,260.3586941
16/03/2020,174.3830327
17/03/2020,288.7464526
18/03/2020,380.0181698
19/03/2020,293.7276936
20/03/2020,275.5634079
21/03/2020,269.1897066
22/03/2020,314.7793891
23/03/2020,184.7054473
24/03/2020,100.052381
25/03/2020,121.2650974
26/03/2020,123.5825577
27/03/2020,155.5950577
28/03/2020,190.481235
29/03/2020,270.5313978
30/03/2020,263.738739
31/03/2020,252.1299908
01/04/2020,254.5029346
02/04/2020,305.5543235
03/04/2020,208.7447996
04/04/2020,127.0709596
05/04/2020,125.7018458
06/04/2020,129.0312771
07/04/2020,139.1669312
08/04/2020,173.9647547
09/04/2020,209.7169372
10/04/2020,215.1763288
11/04/2020,223.2500722
12/04/2020,272.7498076
13/04/2020,264.4674002
14/04/2020,253.6041005
15/04/2020,217.985119
16/04/2020,215.5352513
17/04/2020,1036.580754
18/04/2020,989.6375
19/04/2020,988.6583333
20/04/2020,891.2801587
21/04/2020,906.1051587
22/04/2020,913.2680789
23/04/2020,87.39294662
24/04/2020,274.5329599
25/04/2020,283.6827614
26/04/2020,520.7506186
27/04/2020,569.8408302
28/04/2020,559.0761243
29/04/2020,610.4493567
30/04/2020,421.7827561
01/05/2020,415.133153
02/05/2020,198.0881133
03/05/2020,143.0881133
04/05/2020,153.2680916
05/05/2020,157.7703223
06/05/2020,146.4070286
07/05/2020,139.2086159
08/05/2020,112.9291847
09/05/2020,115.9351371
10/05/2020,163.2887566
11/05/2020,242.4643519
12/05/2020,307.6631013
13/05/2020,348.8573473
14/05/2020,354.5189875
15/05/2020,353.5965669
16/05/2020,320.0425253
17/05/2020,184.9216258
18/05/2020,390.5762494
19/05/2020,363.1935876
20/05/2020,421.3305164
21/05/2020,420.2217863
22/05/2020,406.220603
23/05/2020,404.3098887
24/05/2020,139.9646506
25/05/2020,143.9940717
26/05/2020,219.5746693
27/05/2020,244.8278439
28/05/2020,258.0296296
29/05/2020,277.2746032
30/05/2020,294.9343855
31/05/2020,322.4169913
01/06/2020,203.2273749
02/06/2020,193.5185125
03/06/2020,191.6568062
04/06/2020,312.390404
05/06/2020,303.3220899
06/06/2020,267.1222884
07/06/2020,254.867328
08/06/2020,262.0186508
09/06/2020,392.2308201
10/06/2020,252.1911376
11/06/2020,395.9770503
12/06/2020,427.9575397
13/06/2020,436.4069444
14/06/2020,412.9277778
15/06/2020,334.1539021
16/06/2020,332.886045
17/06/2020,169.6215608
18/06/2020,243.5381674
19/06/2020,238.9393579
20/06/2020,234.0496753
21/06/2020,157.1675325
22/06/2020,559.8984848
23/06/2020,574.8391595
24/06/2020,465.0703042
25/06/2020,755.9638228
26/06/2020,867.6187169
27/06/2020,886.2162037
28/06/2020,591.0776876
29/06/2020,596.9439574
30/06/2020,692.9965368
01/07/2020,609.1915103
02/07/2020,507.6183622
03/07/2020,495.9226611
04/07/2020,396.1171296
05/07/2020,386.2809524
06/07/2020,483.0352814
07/07/2020,264.200956
08/07/2020,253.8238155
09/07/2020,390.3136304
10/07/2020,636.6603896
11/07/2020,631.082678
12/07/2020,726.8413119
13/07/2020,727.1309945
14/07/2020,724.2266534
15/07/2020,600.4915344
16/07/2020,343.9507275
17/07/2020,345.2063492
18/07/2020,53.13359788
19/07/2020,62.99660293
20/07/2020,62.40799805
21/07/2020,51.10277318
22/07/2020,93.02684725
23/07/2020,93.4491296
24/07/2020,137.522855
25/07/2020,127.130088
26/07/2020,204.0992124
27/07/2020,746.1771062
28/07/2020,708.0599766
29/07/2020,720.5316216
30/07/2020,869.6311767
31/07/2020,871.5030021
01/08/2020,805.5646784
02/08/2020,267.957684
03/08/2020,264.3766655
04/08/2020,333.4135735
05/08/2020,143.3876221
06/08/2020,144.002954
07/08/2020,140.8222662
08/08/2020,130.0098323
09/08/2020,125.5339064
10/08/2020,75.42476412
11/08/2020,79.22650914
12/08/2020,92.81362434
13/08/2020,100.2540344
14/08/2020,109.0840608
15/08/2020,121.0691799
16/08/2020,85.89563492
17/08/2020,181.5633191
18/08/2020,257.2430569
19/08/2020,256.0661221
20/08/2020,259.7954872
21/08/2020,255.4876829
22/08/2020,346.9663205
23/08/2020,274.3636995
24/08/2020,183.6762897
25/08/2020,181.2685023
26/08/2020,177.267841
27/08/2020,177.4560023
28/08/2020,93.43681642
29/08/2020,71.74503968
30/08/2020,85.91507937
31/08/2020,81.58042328
01/09/2020,148.8035714
02/09/2020,163.5641026
03/09/2020,161.895091
04/09/2020,284.1693575
05/09/2020,329.8655877
06/09/2020,331.875839
07/09/2020,261.5526247
08/09/2020,335.4717893
09/09/2020,336.3758658
10/09/2020,217.7795034
11/09/2020,224.4071489
12/09/2020,226.6955748
13/09/2020,328.5321489
14/09/2020,393.0937229
15/09/2020,441.7050265
16/09/2020,437.0894661
17/09/2020,379.0297439
18/09/2020,384.2376142
19/09/2020,279.2465428
20/09/2020,132.7866222
21/09/2020,82.11439995
22/09/2020,84.13055556
23/09/2020,79.56607143
24/09/2020,198.5280423
25/09/2020,212.4771164
26/09/2020,200.8533069
27/09/2020,218.0109788
28/09/2020,222.3238095
29/09/2020,223.5936508
30/09/2020,112.309127
01/10/2020,112.0859127
02/10/2020,323.2562302
03/10/2020,388.7370355
04/10/2020,509.4884477
05/10/2020,543.6222481
06/10/2020,553.1625055
07/10/2020,855.8023203
08/10/2020,784.7720642
09/10/2020,735.6490932
10/10/2020,603.2934481
11/10/2020,572.5123594
12/10/2020,583.8195226
13/10/2020,293.2748797
14/10/2020,244.6454125
15/10/2020,234.1969036
16/10/2020,229.5146946
17/10/2020,216.0746813
18/10/2020,196.2176046
19/10/2020,168.8658189
20/10/2020,74.62387566
21/10/2020,54.43101852
22/10/2020,113.1323413
23/10/2020,120.7585317
24/10/2020,97.9093254
25/10/2020,92.97480159
26/10/2020,92.68313492
27/10/2020,80.05634921
28/10/2020,18.39603175
29/10/2020,7.396031746
30/10/2020,0
31/10/2020,0.6
01/11/2020,0.6
02/11/2020,0.6
03/11/2020,10.54775132
04/11/2020,72.62751415
05/11/2020,111.3665353
06/11/2020,167.3762575
07/11/2020,217.2061843
08/11/2020,301.2920308
09/11/2020,307.8206582
10/11/2020,245.7408954
11/11/2020,207.0018742
12/11/2020,150.392152
13/11/2020,100.5622253
14/11/2020,16.47637871
15/11/2020,0
16/11/2020,0
17/11/2020,0
18/11/2020,0
19/11/2020,0
20/11/2020,0
21/11/2020,0
22/11/2020,0
23/11/2020,0
24/11/2020,0
25/11/2020,0
26/11/2020,0
27/11/2020,0
28/11/2020,0
29/11/2020,0
30/11/2020,0
01/12/2020,0
02/12/2020,0
03/12/2020,0
04/12/2020,0
05/12/2020,0
06/12/2020,0
07/12/2020,0
08/12/2020,0
09/12/2020,0
10/12/2020,0
11/12/2020,0
12/12/2020,0
13/12/2020,0
14/12/2020,0
15/12/2020,0
16/12/2020,0
17/12/2020,0
18/12/2020,0
19/12/2020,19.74249639
20/12/2020,35.23979076
21/12/2020,46.99766114
22/12/2020,52.94580928
23/12/2020,114.6010474
24/12/2020,130.3067352
25/12/2020,120.5211833
26/12/2020,136.0504161
27/12/2020,140.7235642
28/12/2020,139.9656518
29/12/2020,203.9002285
30/12/2020,209.1420755
31/12/2020,201.4946549
01/01/2021,191.3000722
02/01/2021,187.258664
03/01/2021,209.3301347
04/01/2021,83.74031987
05/01/2021,62.79278499
06/01/2021,60.48326118
07/01/2021,39.65131674
08/01/2021,27.26170635